{
  "center_of_mass": [
    61.448221316230544,
    24.325417064487645,
    11.97474296137267
  ],
  "reference_planes": [
    {
      "center": [
        48.65083412897528,
        24.32541706448764,
        4.865083412897528
      ],
      "normal": [
        0.0,
        0.0,
        1.0
      ],
      "area": 4733.807322890132,
      "role": 3
    },
    {
      "center": [
        92.43658484505303,
        24.32541706448764,
        29.19050047738517
      ],
      "normal": [
        1.0,
        0.0,
        0.0
      ],
      "area": 1893.522929156053,
      "role": 3
    },
    {
      "center": [
        48.65083412897528,
        24.32541706448764,
        0.0
      ],
      "normal": [
        0.0,
        0.0,
        -1.0
      ],
      "area": 4733.807322890132,
      "role": 3
    }
  ],
  "fastening_elements": [
    {
      "center": [
        29.190500477385168,
        24.32541706448764,
        4.865083412897528
      ],
      "diameter": 9.730166825795056,
      "type": "through_hole"
    },
    {
      "center": [
        68.1111677805654,
        24.32541706448764,
        4.865083412897528
      ],
      "diameter": 9.730166825795056,
      "type": "through_hole"
    }
  ],
  "functional_surfaces": [
    {
      "center": [
        92.43658484505303,
        24.32541706448764,
        48.65083412897529
      ],
      "normal": [
        0.0,
        0.0,
        1.0
      ],
      "area": 473.3807322890132,
      "role": 1
    }
  ],
  "part_type": "bracket"
}