{
  "center_of_mass": [
    65.49761902001904,
    25.92844618225017,
    12.7638707117382
  ],
  "reference_planes": [
    {
      "center": [
        51.85689236450036,
        25.92844618225018,
        5.185689236450036
      ],
      "normal": [
        0.0,
        0.0,
        1.0
      ],
      "area": 5378.274571406751,
      "role": 3
    },
    {
      "center": [
        98.52809549255069,
        25.92844618225018,
        31.11413541870022
      ],
      "normal": [
        1.0,
        0.0,
        0.0
      ],
      "area": 2151.3098285627007,
      "role": 3
    },
    {
      "center": [
        51.85689236450036,
        25.92844618225018,
        0.0
      ],
      "normal": [
        0.0,
        0.0,
        -1.0
      ],
      "area": 5378.274571406751,
      "role": 3
    }
  ],
  "fastening_elements": [
    {
      "center": [
        31.114135418700215,
        25.92844618225018,
        5.185689236450036
      ],
      "diameter": 10.371378472900073,
      "type": "through_hole"
    },
    {
      "center": [
        72.5996493103005,
        25.92844618225018,
        5.185689236450036
      ],
      "diameter": 10.371378472900073,
      "type": "through_hole"
    }
  ],
  "functional_surfaces": [
    {
      "center": [
        98.52809549255069,
        25.92844618225018,
        51.85689236450037
      ],
      "normal": [
        0.0,
        0.0,
        1.0
      ],
      "area": 537.8274571406752,
      "role": 1
    }
  ],
  "part_type": "bracket"
}