{
  "center_of_mass": [
    61.295192177821555,
    24.264837644366423,
    11.944921356144791
  ],
  "reference_planes": [
    {
      "center": [
        48.52967528873284,
        24.26483764436642,
        4.852967528873283
      ],
      "normal": [
        0.0,
        0.0,
        1.0
      ],
      "area": 4710.258767259694,
      "role": 3
    },
    {
      "center": [
        92.2063830485924,
        24.26483764436642,
        29.117805173239702
      ],
      "normal": [
        1.0,
        0.0,
        0.0
      ],
      "area": 1884.1035069038776,
      "role": 3
    },
    {
      "center": [
        48.52967528873284,
        24.26483764436642,
        0.0
      ],
      "normal": [
        0.0,
        0.0,
        -1.0
      ],
      "area": 4710.258767259694,
      "role": 3
    }
  ],
  "fastening_elements": [
    {
      "center": [
        29.117805173239702,
        24.26483764436642,
        4.852967528873283
      ],
      "diameter": 9.705935057746567,
      "type": "through_hole"
    },
    {
      "center": [
        67.94154540422598,
        24.26483764436642,
        4.852967528873283
      ],
      "diameter": 9.705935057746567,
      "type": "through_hole"
    }
  ],
  "functional_surfaces": [
    {
      "center": [
        92.2063830485924,
        24.26483764436642,
        48.52967528873284
      ],
      "normal": [
        0.0,
        0.0,
        1.0
      ],
      "area": 471.0258767259693,
      "role": 1
    }
  ],
  "part_type": "bracket"
}