{
  "center_of_mass": [
    63.072992852017,
    24.96861298449834,
    12.291370865244293
  ],
  "reference_planes": [
    {
      "center": [
        49.937225968996664,
        24.968612984498332,
        4.993722596899667
      ],
      "normal": [
        0.0,
        0.0,
        1.0
      ],
      "area": 4987.45307495727,
      "role": 3
    },
    {
      "center": [
        94.88072934109366,
        24.968612984498332,
        29.962335581398
      ],
      "normal": [
        1.0,
        0.0,
        0.0
      ],
      "area": 1994.981229982908,
      "role": 3
    },
    {
      "center": [
        49.937225968996664,
        24.968612984498332,
        0.0
      ],
      "normal": [
        0.0,
        0.0,
        -1.0
      ],
      "area": 4987.45307495727,
      "role": 3
    }
  ],
  "fastening_elements": [
    {
      "center": [
        29.962335581397998,
        24.968612984498332,
        4.993722596899667
      ],
      "diameter": 9.987445193799333,
      "type": "through_hole"
    },
    {
      "center": [
        69.91211635659533,
        24.968612984498332,
        4.993722596899667
      ],
      "diameter": 9.987445193799333,
      "type": "through_hole"
    }
  ],
  "functional_surfaces": [
    {
      "center": [
        94.88072934109366,
        24.968612984498332,
        49.93722596899667
      ],
      "normal": [
        0.0,
        0.0,
        1.0
      ],
      "area": 498.745307495727,
      "role": 1
    }
  ],
  "part_type": "bracket"
}