{
  "center_of_mass": [
    67.71371101084866,
    26.805727261759017,
    13.195732389757705
  ],
  "reference_planes": [
    {
      "center": [
        53.611454523518056,
        26.805727261759028,
        5.361145452351805
      ],
      "normal": [
        0.0,
        0.0,
        1.0
      ],
      "area": 5748.376112254489,
      "role": 3
    },
    {
      "center": [
        101.8617635946843,
        26.805727261759028,
        32.16687271411084
      ],
      "normal": [
        1.0,
        0.0,
        0.0
      ],
      "area": 2299.350444901796,
      "role": 3
    },
    {
      "center": [
        53.611454523518056,
        26.805727261759028,
        0.0
      ],
      "normal": [
        0.0,
        0.0,
        -1.0
      ],
      "area": 5748.376112254489,
      "role": 3
    }
  ],
  "fastening_elements": [
    {
      "center": [
        32.16687271411083,
        26.805727261759028,
        5.361145452351805
      ],
      "diameter": 10.72229090470361,
      "type": "through_hole"
    },
    {
      "center": [
        75.05603633292529,
        26.805727261759028,
        5.361145452351805
      ],
      "diameter": 10.72229090470361,
      "type": "through_hole"
    }
  ],
  "functional_surfaces": [
    {
      "center": [
        101.8617635946843,
        26.805727261759028,
        53.61145452351806
      ],
      "normal": [
        0.0,
        0.0,
        1.0
      ],
      "area": 574.8376112254489,
      "role": 1
    }
  ],
  "part_type": "bracket"
}