{
  "center_of_mass": [
    68.10508457909523,
    26.960659741034874,
    13.272001446554473
  ],
  "reference_planes": [
    {
      "center": [
        53.92131948206975,
        26.960659741034874,
        5.392131948206975
      ],
      "normal": [
        0.0,
        0.0,
        1.0
      ],
      "area": 5815.017389374869,
      "role": 3
    },
    {
      "center": [
        102.45050701593252,
        26.960659741034874,
        32.352791689241855
      ],
      "normal": [
        1.0,
        0.0,
        0.0
      ],
      "area": 2326.006955749948,
      "role": 3
    },
    {
      "center": [
        53.92131948206975,
        26.960659741034874,
        0.0
      ],
      "normal": [
        0.0,
        0.0,
        -1.0
      ],
      "area": 5815.017389374869,
      "role": 3
    }
  ],
  "fastening_elements": [
    {
      "center": [
        32.35279168924185,
        26.960659741034874,
        5.392131948206975
      ],
      "diameter": 10.78426389641395,
      "type": "through_hole"
    },
    {
      "center": [
        75.48984727489764,
        26.960659741034874,
        5.392131948206975
      ],
      "diameter": 10.78426389641395,
      "type": "through_hole"
    }
  ],
  "functional_surfaces": [
    {
      "center": [
        102.45050701593252,
        26.960659741034874,
        53.921319482069755
      ],
      "normal": [
        0.0,
        0.0,
        1.0
      ],
      "area": 581.501738937487,
      "role": 1
    }
  ],
  "part_type": "bracket"
}