{
  "center_of_mass": [
    71.07360731247863,
    28.135804472781412,
    13.850493320620622
  ],
  "reference_planes": [
    {
      "center": [
        56.271608945562825,
        28.135804472781412,
        5.627160894556282
      ],
      "normal": [
        0.0,
        0.0,
        1.0
      ],
      "area": 6332.987946644692,
      "role": 3
    },
    {
      "center": [
        106.91605699656937,
        28.135804472781412,
        33.7629653673377
      ],
      "normal": [
        1.0,
        0.0,
        0.0
      ],
      "area": 2533.195178657877,
      "role": 3
    },
    {
      "center": [
        56.271608945562825,
        28.135804472781412,
        0.0
      ],
      "normal": [
        0.0,
        0.0,
        -1.0
      ],
      "area": 6332.987946644692,
      "role": 3
    }
  ],
  "fastening_elements": [
    {
      "center": [
        33.76296536733769,
        28.135804472781412,
        5.627160894556282
      ],
      "diameter": 11.254321789112565,
      "type": "through_hole"
    },
    {
      "center": [
        78.78025252378796,
        28.135804472781412,
        5.627160894556282
      ],
      "diameter": 11.254321789112565,
      "type": "through_hole"
    }
  ],
  "functional_surfaces": [
    {
      "center": [
        106.91605699656937,
        28.135804472781412,
        56.27160894556283
      ],
      "normal": [
        0.0,
        0.0,
        1.0
      ],
      "area": 633.2987946644693,
      "role": 1
    }
  ],
  "part_type": "bracket"
}