{
  "center_of_mass": [
    67.9438341340205,
    26.896825764326408,
    13.240577711402896
  ],
  "reference_planes": [
    {
      "center": [
        53.793651528652816,
        26.896825764326408,
        5.379365152865282
      ],
      "normal": [
        0.0,
        0.0,
        1.0
      ],
      "area": 5787.513889572263,
      "role": 3
    },
    {
      "center": [
        102.20793790444036,
        26.896825764326408,
        32.27619091719169
      ],
      "normal": [
        1.0,
        0.0,
        0.0
      ],
      "area": 2315.0055558289055,
      "role": 3
    },
    {
      "center": [
        53.793651528652816,
        26.896825764326408,
        0.0
      ],
      "normal": [
        0.0,
        0.0,
        -1.0
      ],
      "area": 5787.513889572263,
      "role": 3
    }
  ],
  "fastening_elements": [
    {
      "center": [
        32.27619091719169,
        26.896825764326408,
        5.379365152865282
      ],
      "diameter": 10.758730305730564,
      "type": "through_hole"
    },
    {
      "center": [
        75.31111214011395,
        26.896825764326408,
        5.379365152865282
      ],
      "diameter": 10.758730305730564,
      "type": "through_hole"
    }
  ],
  "functional_surfaces": [
    {
      "center": [
        102.20793790444036,
        26.896825764326408,
        53.793651528652816
      ],
      "normal": [
        0.0,
        0.0,
        1.0
      ],
      "area": 578.7513889572264,
      "role": 1
    }
  ],
  "part_type": "bracket"
}