{
  "center_of_mass": [
    55.19716549063174,
    21.85082078173207,
    10.756566338106195
  ],
  "reference_planes": [
    {
      "center": [
        43.701641563464136,
        21.850820781732068,
        4.370164156346414
      ],
      "normal": [
        0.0,
        0.0,
        1.0
      ],
      "area": 3819.666950682992,
      "role": 3
    },
    {
      "center": [
        83.03311897058185,
        21.850820781732068,
        26.220984938078484
      ],
      "normal": [
        1.0,
        0.0,
        0.0
      ],
      "area": 1527.866780273197,
      "role": 3
    },
    {
      "center": [
        43.701641563464136,
        21.850820781732068,
        0.0
      ],
      "normal": [
        0.0,
        0.0,
        -1.0
      ],
      "area": 3819.666950682992,
      "role": 3
    }
  ],
  "fastening_elements": [
    {
      "center": [
        26.22098493807848,
        21.850820781732068,
        4.370164156346414
      ],
      "diameter": 8.740328312692828,
      "type": "through_hole"
    },
    {
      "center": [
        61.18229818884979,
        21.850820781732068,
        4.370164156346414
      ],
      "diameter": 8.740328312692828,
      "type": "through_hole"
    }
  ],
  "functional_surfaces": [
    {
      "center": [
        83.03311897058185,
        21.850820781732068,
        43.701641563464136
      ],
      "normal": [
        0.0,
        0.0,
        1.0
      ],
      "area": 381.96669506829926,
      "role": 1
    }
  ],
  "part_type": "bracket"
}