{
  "center_of_mass": [
    44.546781596529314,
    19.624300344495076,
    16.590375907526646
  ],
  "reference_planes": [
    {
      "center": [
        44.54678159652931,
        4.45467815965293,
        4.45467815965293
      ],
      "normal": [
        0.0,
        0.0,
        1.0
      ],
      "area": 793.7663002435528,
      "role": 3
    },
    {
      "center": [
        44.54678159652931,
        4.45467815965293,
        0.0
      ],
      "normal": [
        0.0,
        0.0,
        -1.0
      ],
      "area": 793.7663002435528,
      "role": 3
    },
    {
      "center": [
        44.54678159652931,
        26.728068957917582,
        22.27339079826465
      ],
      "normal": [
        1.0,
        0.0,
        0.0
      ],
      "area": 476.2597801461317,
      "role": 3
    }
  ],
  "fastening_elements": [
    {
      "center": [
        22.273390798264654,
        4.45467815965293,
        4.45467815965293
      ],
      "diameter": 8.90935631930586,
      "type": "mounting_hole"
    },
    {
      "center": [
        66.82017239479396,
        4.45467815965293,
        4.45467815965293
      ],
      "diameter": 8.90935631930586,
      "type": "mounting_hole"
    }
  ],
  "functional_surfaces": [],
  "part_type": "t_bracket"
}