{
  "center_of_mass": [
    49.61603012898322,
    21.85746853659444,
    18.478295431855212
  ],
  "reference_planes": [
    {
      "center": [
        49.61603012898322,
        4.961603012898322,
        4.961603012898322
      ],
      "normal": [
        0.0,
        0.0,
        1.0
      ],
      "area": 984.7001783040682,
      "role": 3
    },
    {
      "center": [
        49.61603012898322,
        4.961603012898322,
        0.0
      ],
      "normal": [
        0.0,
        0.0,
        -1.0
      ],
      "area": 984.7001783040682,
      "role": 3
    },
    {
      "center": [
        49.61603012898322,
        29.76961807738993,
        24.808015064491606
      ],
      "normal": [
        1.0,
        0.0,
        0.0
      ],
      "area": 590.820106982441,
      "role": 3
    }
  ],
  "fastening_elements": [
    {
      "center": [
        24.80801506449161,
        4.961603012898322,
        4.961603012898322
      ],
      "diameter": 9.923206025796643,
      "type": "mounting_hole"
    },
    {
      "center": [
        74.42404519347483,
        4.961603012898322,
        4.961603012898322
      ],
      "diameter": 9.923206025796643,
      "type": "mounting_hole"
    }
  ],
  "functional_surfaces": [],
  "part_type": "t_bracket"
}