{
  "center_of_mass": [
    58.437868769938525,
    25.7437742331269,
    21.76377676190029
  ],
  "reference_planes": [
    {
      "center": [
        58.437868769938504,
        5.843786876993851,
        5.843786876993851
      ],
      "normal": [
        0.0,
        0.0,
        1.0
      ],
      "area": 1365.9938025490217,
      "role": 3
    },
    {
      "center": [
        58.437868769938504,
        5.843786876993851,
        0.0
      ],
      "normal": [
        0.0,
        0.0,
        -1.0
      ],
      "area": 1365.9938025490217,
      "role": 3
    },
    {
      "center": [
        58.437868769938504,
        35.0627212619631,
        29.218934384969252
      ],
      "normal": [
        1.0,
        0.0,
        0.0
      ],
      "area": 819.596281529413,
      "role": 3
    }
  ],
  "fastening_elements": [
    {
      "center": [
        29.218934384969252,
        5.843786876993851,
        5.843786876993851
      ],
      "diameter": 11.687573753987701,
      "type": "mounting_hole"
    },
    {
      "center": [
        87.65680315490775,
        5.843786876993851,
        5.843786876993851
      ],
      "diameter": 11.687573753987701,
      "type": "mounting_hole"
    }
  ],
  "functional_surfaces": [],
  "part_type": "t_bracket"
}