{
  "center_of_mass": [
    42.78452090384038,
    18.84796742258272,
    15.934064356142976
  ],
  "reference_planes": [
    {
      "center": [
        42.78452090384039,
        4.278452090384039,
        4.278452090384039
      ],
      "normal": [
        0.0,
        0.0,
        1.0
      ],
      "area": 732.2060915884621,
      "role": 3
    },
    {
      "center": [
        42.78452090384039,
        4.278452090384039,
        0.0
      ],
      "normal": [
        0.0,
        0.0,
        -1.0
      ],
      "area": 732.2060915884621,
      "role": 3
    },
    {
      "center": [
        42.78452090384039,
        25.670712542304233,
        21.392260451920194
      ],
      "normal": [
        1.0,
        0.0,
        0.0
      ],
      "area": 439.3236549530772,
      "role": 3
    }
  ],
  "fastening_elements": [
    {
      "center": [
        21.392260451920194,
        4.278452090384039,
        4.278452090384039
      ],
      "diameter": 8.556904180768077,
      "type": "mounting_hole"
    },
    {
      "center": [
        64.17678135576058,
        4.278452090384039,
        4.278452090384039
      ],
      "diameter": 8.556904180768077,
      "type": "mounting_hole"
    }
  ],
  "functional_surfaces": [],
  "part_type": "t_bracket"
}