{
  "center_of_mass": [
    41.10360247950736,
    18.10746840488765,
    15.308046773500273
  ],
  "reference_planes": [
    {
      "center": [
        41.10360247950737,
        4.110360247950737,
        4.110360247950737
      ],
      "normal": [
        0.0,
        0.0,
        1.0
      ],
      "area": 675.8024547173459,
      "role": 3
    },
    {
      "center": [
        41.10360247950737,
        4.110360247950737,
        0.0
      ],
      "normal": [
        0.0,
        0.0,
        -1.0
      ],
      "area": 675.8024547173459,
      "role": 3
    },
    {
      "center": [
        41.10360247950737,
        24.662161487704424,
        20.551801239753686
      ],
      "normal": [
        1.0,
        0.0,
        0.0
      ],
      "area": 405.48147283040754,
      "role": 3
    }
  ],
  "fastening_elements": [
    {
      "center": [
        20.551801239753686,
        4.110360247950737,
        4.110360247950737
      ],
      "diameter": 8.220720495901475,
      "type": "mounting_hole"
    },
    {
      "center": [
        61.65540371926106,
        4.110360247950737,
        4.110360247950737
      ],
      "diameter": 8.220720495901475,
      "type": "mounting_hole"
    }
  ],
  "functional_surfaces": [],
  "part_type": "t_bracket"
}