{
  "center_of_mass": [
    46.09072872244488,
    20.304459068180467,
    17.165381828993272
  ],
  "reference_planes": [
    {
      "center": [
        46.09072872244488,
        4.609072872244488,
        4.609072872244488
      ],
      "normal": [
        0.0,
        0.0,
        1.0
      ],
      "area": 849.7421096664021,
      "role": 3
    },
    {
      "center": [
        46.09072872244488,
        4.609072872244488,
        0.0
      ],
      "normal": [
        0.0,
        0.0,
        -1.0
      ],
      "area": 849.7421096664021,
      "role": 3
    },
    {
      "center": [
        46.09072872244488,
        27.654437233466926,
        23.04536436122244
      ],
      "normal": [
        1.0,
        0.0,
        0.0
      ],
      "area": 509.8452657998413,
      "role": 3
    }
  ],
  "fastening_elements": [
    {
      "center": [
        23.04536436122244,
        4.609072872244488,
        4.609072872244488
      ],
      "diameter": 9.218145744488975,
      "type": "mounting_hole"
    },
    {
      "center": [
        69.13609308366732,
        4.609072872244488,
        4.609072872244488
      ],
      "diameter": 9.218145744488975,
      "type": "mounting_hole"
    }
  ],
  "functional_surfaces": [],
  "part_type": "t_bracket"
}