{
  "center_of_mass": [
    40.22228881247947,
    17.719221185231923,
    14.979822724435126
  ],
  "reference_planes": [
    {
      "center": [
        40.222288812479476,
        4.022228881247948,
        4.022228881247948
      ],
      "normal": [
        0.0,
        0.0,
        1.0
      ],
      "area": 647.1330069258047,
      "role": 3
    },
    {
      "center": [
        40.222288812479476,
        4.022228881247948,
        0.0
      ],
      "normal": [
        0.0,
        0.0,
        -1.0
      ],
      "area": 647.1330069258047,
      "role": 3
    },
    {
      "center": [
        40.222288812479476,
        24.133373287487686,
        20.111144406239738
      ],
      "normal": [
        1.0,
        0.0,
        0.0
      ],
      "area": 388.2798041554828,
      "role": 3
    }
  ],
  "fastening_elements": [
    {
      "center": [
        20.111144406239738,
        4.022228881247948,
        4.022228881247948
      ],
      "diameter": 8.044457762495895,
      "type": "mounting_hole"
    },
    {
      "center": [
        60.333433218719215,
        4.022228881247948,
        4.022228881247948
      ],
      "diameter": 8.044457762495895,
      "type": "mounting_hole"
    }
  ],
  "functional_surfaces": [],
  "part_type": "t_bracket"
}