{
  "center_of_mass": [
    41.193130220876796,
    18.146908275128133,
    15.341389224520041
  ],
  "reference_planes": [
    {
      "center": [
        41.1931302208768,
        4.119313022087681,
        4.119313022087681
      ],
      "normal": [
        0.0,
        0.0,
        1.0
      ],
      "area": 678.7495909576456,
      "role": 3
    },
    {
      "center": [
        41.1931302208768,
        4.119313022087681,
        0.0
      ],
      "normal": [
        0.0,
        0.0,
        -1.0
      ],
      "area": 678.7495909576456,
      "role": 3
    },
    {
      "center": [
        41.1931302208768,
        24.715878132526083,
        20.596565110438405
      ],
      "normal": [
        1.0,
        0.0,
        0.0
      ],
      "area": 407.24975457458737,
      "role": 3
    }
  ],
  "fastening_elements": [
    {
      "center": [
        20.5965651104384,
        4.119313022087681,
        4.119313022087681
      ],
      "diameter": 8.238626044175362,
      "type": "mounting_hole"
    },
    {
      "center": [
        61.7896953313152,
        4.119313022087681,
        4.119313022087681
      ],
      "diameter": 8.238626044175362,
      "type": "mounting_hole"
    }
  ],
  "functional_surfaces": [],
  "part_type": "t_bracket"
}