{
  "center_of_mass": [
    57.74823410774972,
    25.439967824364427,
    21.506938941646546
  ],
  "reference_planes": [
    {
      "center": [
        57.74823410774972,
        5.774823410774972,
        5.774823410774972
      ],
      "normal": [
        0.0,
        0.0,
        1.0
      ],
      "area": 1333.9434170253871,
      "role": 3
    },
    {
      "center": [
        57.74823410774972,
        5.774823410774972,
        0.0
      ],
      "normal": [
        0.0,
        0.0,
        -1.0
      ],
      "area": 1333.9434170253871,
      "role": 3
    },
    {
      "center": [
        57.74823410774972,
        34.648940464649826,
        28.874117053874855
      ],
      "normal": [
        1.0,
        0.0,
        0.0
      ],
      "area": 800.3660502152322,
      "role": 3
    }
  ],
  "fastening_elements": [
    {
      "center": [
        28.87411705387486,
        5.774823410774972,
        5.774823410774972
      ],
      "diameter": 11.549646821549944,
      "type": "mounting_hole"
    },
    {
      "center": [
        86.62235116162458,
        5.774823410774972,
        5.774823410774972
      ],
      "diameter": 11.549646821549944,
      "type": "mounting_hole"
    }
  ],
  "functional_surfaces": [],
  "part_type": "t_bracket"
}