{
  "center_of_mass": [
    48.92443489135052,
    21.552798430837935,
    18.220727442497353
  ],
  "reference_planes": [
    {
      "center": [
        48.92443489135052,
        4.892443489135053,
        4.892443489135053
      ],
      "normal": [
        0.0,
        0.0,
        1.0
      ],
      "area": 957.4401317751987,
      "role": 3
    },
    {
      "center": [
        48.92443489135052,
        4.892443489135053,
        0.0
      ],
      "normal": [
        0.0,
        0.0,
        -1.0
      ],
      "area": 957.4401317751987,
      "role": 3
    },
    {
      "center": [
        48.92443489135052,
        29.354660934810312,
        24.46221744567526
      ],
      "normal": [
        1.0,
        0.0,
        0.0
      ],
      "area": 574.4640790651192,
      "role": 3
    }
  ],
  "fastening_elements": [
    {
      "center": [
        24.46221744567526,
        4.892443489135053,
        4.892443489135053
      ],
      "diameter": 9.784886978270105,
      "type": "mounting_hole"
    },
    {
      "center": [
        73.38665233702578,
        4.892443489135053,
        4.892443489135053
      ],
      "diameter": 9.784886978270105,
      "type": "mounting_hole"
    }
  ],
  "functional_surfaces": [],
  "part_type": "t_bracket"
}