{
  "center_of_mass": [
    57.035150077116946,
    25.12583120918209,
    21.241367968888014
  ],
  "reference_planes": [
    {
      "center": [
        57.035150077116946,
        5.703515007711695,
        5.703515007711695
      ],
      "normal": [
        0.0,
        0.0,
        1.0
      ],
      "area": 1301.2033377277012,
      "role": 3
    },
    {
      "center": [
        57.035150077116946,
        5.703515007711695,
        0.0
      ],
      "normal": [
        0.0,
        0.0,
        -1.0
      ],
      "area": 1301.2033377277012,
      "role": 3
    },
    {
      "center": [
        57.035150077116946,
        34.22109004627016,
        28.51757503855847
      ],
      "normal": [
        1.0,
        0.0,
        0.0
      ],
      "area": 780.7220026366207,
      "role": 3
    }
  ],
  "fastening_elements": [
    {
      "center": [
        28.517575038558473,
        5.703515007711695,
        5.703515007711695
      ],
      "diameter": 11.40703001542339,
      "type": "mounting_hole"
    },
    {
      "center": [
        85.55272511567541,
        5.703515007711695,
        5.703515007711695
      ],
      "diameter": 11.40703001542339,
      "type": "mounting_hole"
    }
  ],
  "functional_surfaces": [],
  "part_type": "t_bracket"
}