{
  "center_of_mass": [
    43.63555543580456,
    19.222875702378694,
    16.251011670619043
  ],
  "reference_planes": [
    {
      "center": [
        43.63555543580454,
        4.363555543580454,
        4.363555543580454
      ],
      "normal": [
        0.0,
        0.0,
        1.0
      ],
      "area": 761.6246792764686,
      "role": 3
    },
    {
      "center": [
        43.63555543580454,
        4.363555543580454,
        0.0
      ],
      "normal": [
        0.0,
        0.0,
        -1.0
      ],
      "area": 761.6246792764686,
      "role": 3
    },
    {
      "center": [
        43.63555543580454,
        26.181333261482724,
        21.81777771790227
      ],
      "normal": [
        1.0,
        0.0,
        0.0
      ],
      "area": 456.9748075658811,
      "role": 3
    }
  ],
  "fastening_elements": [
    {
      "center": [
        21.81777771790227,
        4.363555543580454,
        4.363555543580454
      ],
      "diameter": 8.727111087160909,
      "type": "mounting_hole"
    },
    {
      "center": [
        65.45333315370681,
        4.363555543580454,
        4.363555543580454
      ],
      "diameter": 8.727111087160909,
      "type": "mounting_hole"
    }
  ],
  "functional_surfaces": [],
  "part_type": "t_bracket"
}