{
  "center_of_mass": [
    53.38194250270167,
    23.51647493041794,
    19.88081879438839
  ],
  "reference_planes": [
    {
      "center": [
        53.381942502701676,
        5.338194250270167,
        5.338194250270167
      ],
      "normal": [
        0.0,
        0.0,
        1.0
      ],
      "area": 1139.852714144699,
      "role": 3
    },
    {
      "center": [
        53.381942502701676,
        5.338194250270167,
        0.0
      ],
      "normal": [
        0.0,
        0.0,
        -1.0
      ],
      "area": 1139.852714144699,
      "role": 3
    },
    {
      "center": [
        53.381942502701676,
        32.029165501621,
        26.690971251350835
      ],
      "normal": [
        1.0,
        0.0,
        0.0
      ],
      "area": 683.9116284868193,
      "role": 3
    }
  ],
  "fastening_elements": [
    {
      "center": [
        26.690971251350838,
        5.338194250270167,
        5.338194250270167
      ],
      "diameter": 10.676388500540334,
      "type": "mounting_hole"
    },
    {
      "center": [
        80.07291375405251,
        5.338194250270167,
        5.338194250270167
      ],
      "diameter": 10.676388500540334,
      "type": "mounting_hole"
    }
  ],
  "functional_surfaces": [],
  "part_type": "t_bracket"
}